{
    "items": [
        {
            "name": "Map",
            "folderColor": {
                "r": 0.14504142105579377,
                "g": 0.6603773832321167,
                "b": 0.10902455449104309,
                "a": 1.0
            },
            "folderImageType": 3
        }
    ]
}